﻿name,RN,principle,address,product
統一,1216,羅智先,台南、新市、麻豆、新營、永康、中壢、楊梅、湖口、台中、瑞芳、大陸、泰國、越南、菲,{}
第一銅,2009,王宏銘,高雄小港臨海廠,{}
一詮,2486,周萬順,台北新莊、大陸昆山、深圳、南京,"{'dildo': 8613213546, '火車': 12345678996, '火車2': 1234558996, '火車4': 1234565558996, '火車5': 12345555895, '火車6': 1234567556}"
第一店,2706,顧安生,,{}
統一證,2855,林寬成,,{}
統一實,9907,羅智先,台灣台南、大陸江蘇、福建、漳州、成都、無錫、泰州、惠州、北京、昆山、越南、湛江廠,{}
廠商一,dddee544442e2,張先生,新北市,[]
